crates/mesh/mackesd/src/ca/backup.rs	10
crates/mesh/mackesd/src/ca/epoch.rs	9
crates/mesh/mackesd/src/ca/mint.rs	1
crates/mesh/mackesd/src/ca/revoke.rs	5
crates/mesh/mackesd/src/ca/sign.rs	5
crates/mesh/mackesd/src/cli/revisions.rs	2
crates/mesh/mackesd/src/events.rs	2
crates/mesh/mackesd/src/fleet.rs	3
crates/mesh/mackesd/src/ipc/nebula.rs	1
crates/mesh/mackesd/src/nebula_enroll.rs	2
crates/mesh/mackesd/src/nebula_enroll_client.rs	1
crates/mesh/mackesd/src/nebula_roster.rs	11
crates/mesh/mackesd/src/worker.rs	7
crates/mesh/mackesd/src/workers/host_state.rs	1
crates/mesh/mackesd/src/workers/job_exec.rs	1
